molecule_chembl_id,number_of_measurements
CHEMBL1729,40
CHEMBL17157,29
CHEMBL296419,25
CHEMBL74656,23
CHEMBL473,23
CHEMBL6966,22
CHEMBL85,19
CHEMBL327980,18
CHEMBL45816,17
CHEMBL54,15
CHEMBL629,15
CHEMBL536480,13
CHEMBL1423,13
CHEMBL12713,13
CHEMBL42,12
CHEMBL850,12
CHEMBL1107,12
CHEMBL479,11
CHEMBL32,11
CHEMBL1008,10
CHEMBL192,10
CHEMBL175691,10
CHEMBL1108,9
CHEMBL6006710,9
CHEMBL376488,9
CHEMBL71,9
CHEMBL583,9
CHEMBL715,8
CHEMBL1294,8
CHEMBL72,8
CHEMBL85606,8
CHEMBL914,8
CHEMBL5315124,8
CHEMBL94454,8
CHEMBL31,8
CHEMBL11,8
CHEMBL3305167,7
CHEMBL41,7
CHEMBL998,7
CHEMBL123558,7
CHEMBL708,7
CHEMBL3,7
CHEMBL23,7
CHEMBL549,6
CHEMBL370805,6
CHEMBL723,6
CHEMBL657,6
CHEMBL193,6
CHEMBL219916,6
CHEMBL3400819,6
CHEMBL2368925,6
CHEMBL2204935,6
CHEMBL61301,6
CHEMBL75880,6
CHEMBL639,6
CHEMBL4650365,5
CHEMBL4443524,5
CHEMBL633,5
CHEMBL1200749,5
CHEMBL535,5
CHEMBL1200396,5
CHEMBL38827,5
CHEMBL505,5
CHEMBL5768419,5
CHEMBL4861332,5
CHEMBL2441437,5
CHEMBL517,5
CHEMBL1112,5
CHEMBL4518483,5
CHEMBL1000,5
CHEMBL3305005,5
CHEMBL46,5
CHEMBL533,5
CHEMBL1741,5
CHEMBL1088,5
CHEMBL779,5
CHEMBL2441417,5
CHEMBL1110,5
CHEMBL1621,5
CHEMBL356066,5
CHEMBL289469,5
CHEMBL8,5
CHEMBL4,5
CHEMBL157101,5
CHEMBL244946,5
CHEMBL475534,5
CHEMBL5883091,4
CHEMBL214021,4
CHEMBL3317856,4
CHEMBL17423,4
CHEMBL256907,4
CHEMBL1382,4
CHEMBL96153,4
CHEMBL845,4
CHEMBL1175,4
CHEMBL3775729,4
CHEMBL5916184,4
CHEMBL5416410,4
CHEMBL2022495,4
CHEMBL4461925,4
CHEMBL1081957,4
CHEMBL3703254,4
CHEMBL3952064,4
CHEMBL1081023,4
CHEMBL416956,4
CHEMBL2380459,4
CHEMBL55,4
CHEMBL741,4
CHEMBL3582317,4
CHEMBL5806532,4
CHEMBL4098260,4
CHEMBL2177736,4
CHEMBL1125,4
CHEMBL76,4
CHEMBL472,4
CHEMBL1079481,4
CHEMBL3608687,4
CHEMBL3608740,4
CHEMBL3608741,4
CHEMBL3895053,4
CHEMBL3908640,4
CHEMBL3912135,4
CHEMBL3964407,4
CHEMBL3965204,4
CHEMBL3979144,4
CHEMBL4751083,4
CHEMBL5394023,4
CHEMBL5398790,4
CHEMBL5399407,4
CHEMBL5400637,4
CHEMBL5407684,4
CHEMBL5413311,4
CHEMBL5421791,4
CHEMBL5423660,4
CHEMBL5424508,4
CHEMBL5424726,4
CHEMBL5424734,4
CHEMBL5427839,4
CHEMBL5432698,4
CHEMBL652,4
CHEMBL554,3
CHEMBL4751770,3
CHEMBL4753585,3
CHEMBL5942934,3
CHEMBL584,3
CHEMBL461101,3
CHEMBL4742862,3
CHEMBL255863,3
CHEMBL3425810,3
CHEMBL607,3
CHEMBL3775226,3
CHEMBL1081869,3
CHEMBL2403108,3
CHEMBL409224,3
CHEMBL1908360,3
CHEMBL305660,3
CHEMBL3353410,3
CHEMBL434394,3
CHEMBL4864639,3
CHEMBL4643920,3
CHEMBL308954,3
CHEMBL2,3
CHEMBL502,3
CHEMBL259243,3
CHEMBL6049947,3
CHEMBL3752154,3
CHEMBL709,3
CHEMBL1083426,3
CHEMBL254316,3
CHEMBL1520,3
CHEMBL1080117,3
CHEMBL4060355,3
CHEMBL5895249,3
CHEMBL2447962,3
CHEMBL5927239,3
CHEMBL1082111,3
CHEMBL3774769,3
CHEMBL1873475,3
CHEMBL429436,3
CHEMBL1080490,3
CHEMBL631,3
CHEMBL1422,3
CHEMBL1081203,3
CHEMBL1734,3
CHEMBL3422018,3
CHEMBL3416026,3
CHEMBL2158050,3
CHEMBL1079494,3
CHEMBL1081587,3
CHEMBL1079461,3
CHEMBL2017291,3
CHEMBL1080489,3
CHEMBL1079938,3
CHEMBL212689,3
CHEMBL6037809,3
CHEMBL4109904,3
CHEMBL5868410,3
CHEMBL4244784,3
CHEMBL24778,3
CHEMBL272022,3
CHEMBL4110570,3
CHEMBL1323,3
CHEMBL1081237,3
CHEMBL1081747,3
CHEMBL16,3
CHEMBL5826693,3
CHEMBL3612807,3
CHEMBL3954214,3
CHEMBL4075203,3
CHEMBL5945844,3
CHEMBL215661,3
CHEMBL246819,3
CHEMBL4105584,3
CHEMBL4076989,3
CHEMBL5918605,3
CHEMBL1210614,3
CHEMBL1079837,3
CHEMBL1082106,3
CHEMBL1210552,3
CHEMBL1952329,3
CHEMBL1084033,3
CHEMBL5866597,3
CHEMBL214335,3
CHEMBL1684585,3
CHEMBL2164389,3
CHEMBL5842189,3
CHEMBL3291398,3
CHEMBL1081966,3
CHEMBL3612926,3
CHEMBL271128,3
CHEMBL4580568,3
CHEMBL3612928,3
CHEMBL1083708,3
CHEMBL214585,3
CHEMBL1800137,3
CHEMBL1935601,3
CHEMBL3612924,3
CHEMBL410885,3
CHEMBL271801,3
CHEMBL5746422,3
CHEMBL2165062,3
CHEMBL2443262,3
CHEMBL1106,3
CHEMBL4075319,3
CHEMBL2159976,3
CHEMBL270971,3
CHEMBL3696475,3
CHEMBL4640857,3
CHEMBL3422012,3
CHEMBL4094163,3
CHEMBL40,3
CHEMBL3918431,3
CHEMBL1683074,3
CHEMBL1767164,3
CHEMBL2165063,3
CHEMBL22,3
CHEMBL272511,3
CHEMBL3400817,3
CHEMBL3422016,3
CHEMBL3608680,3
CHEMBL3828074,3
CHEMBL3929927,3
CHEMBL3972449,3
CHEMBL4106866,3
CHEMBL4108583,3
CHEMBL4108623,3
CHEMBL4109584,3
CHEMBL4110224,3
CHEMBL4110242,3
CHEMBL4110286,3
CHEMBL4110770,3
CHEMBL4111714,3
CHEMBL4112037,3
CHEMBL4112585,3
CHEMBL4112608,3
CHEMBL4113428,3
CHEMBL4113741,3
CHEMBL4114280,3
CHEMBL4115295,3
CHEMBL4115594,3
CHEMBL472363,3
CHEMBL5400175,3
CHEMBL550818,3
CHEMBL556450,3
CHEMBL560177,3
CHEMBL5741566,3
CHEMBL5741828,3
CHEMBL5743400,3
CHEMBL5743773,3
CHEMBL5749111,3
CHEMBL5750839,3
CHEMBL5752521,3
CHEMBL5755360,3
CHEMBL5760349,3
CHEMBL5765975,3
CHEMBL5766240,3
CHEMBL5772929,3
CHEMBL5775252,3
CHEMBL5775436,3
CHEMBL5785143,3
CHEMBL5786268,3
CHEMBL5787351,3
CHEMBL5787584,3
CHEMBL5788221,3
CHEMBL5789323,3
CHEMBL5792644,3
CHEMBL5793973,3
CHEMBL5794076,3
CHEMBL5796450,3
CHEMBL5799995,3
CHEMBL5802422,3
CHEMBL5804138,3
CHEMBL5806385,3
CHEMBL5806518,3
CHEMBL5808293,3
CHEMBL5812119,3
CHEMBL5818403,3
CHEMBL5821554,3
CHEMBL5821714,3
CHEMBL5824583,3
CHEMBL5825800,3
CHEMBL5830899,3
CHEMBL5832006,3
CHEMBL5832261,3
CHEMBL5834106,3
CHEMBL5837180,3
CHEMBL5839498,3
CHEMBL5841669,3
CHEMBL5846320,3
CHEMBL5846746,3
CHEMBL5849595,3
CHEMBL5850263,3
CHEMBL5850426,3
CHEMBL5855181,3
CHEMBL5860863,3
CHEMBL5861408,3
CHEMBL5869828,3
CHEMBL5871237,3
CHEMBL5874010,3
CHEMBL5874469,3
CHEMBL5886475,3
CHEMBL5890757,3
CHEMBL5892384,3
CHEMBL5900752,3
CHEMBL5902781,3
CHEMBL5908705,3
CHEMBL5912040,3
CHEMBL5926142,3
CHEMBL5926234,3
CHEMBL5926652,3
CHEMBL5927233,3
CHEMBL5927490,3
CHEMBL5930565,3
CHEMBL5933849,3
CHEMBL5933859,3
CHEMBL5934302,3
CHEMBL5936875,3
CHEMBL5943322,3
CHEMBL5952392,3
CHEMBL5954593,3
CHEMBL5959655,3
CHEMBL5965551,3
CHEMBL5967894,3
CHEMBL5969609,3
CHEMBL5970123,3
CHEMBL5972799,3
CHEMBL5973051,3
CHEMBL5974706,3
CHEMBL5975525,3
CHEMBL5978538,3
CHEMBL5986354,3
CHEMBL5988920,3
CHEMBL5991143,3
CHEMBL5998681,3
CHEMBL6004070,3
CHEMBL6004869,3
CHEMBL6006180,3
CHEMBL6007627,3
CHEMBL6007833,3
CHEMBL6011841,3
CHEMBL6013533,3
CHEMBL6016064,3
CHEMBL6016138,3
CHEMBL6016292,3
CHEMBL6020463,3
CHEMBL6021270,3
CHEMBL6025725,3
CHEMBL6029215,3
CHEMBL6039551,3
CHEMBL6051179,3
CHEMBL6051199,3
CHEMBL6052945,3
CHEMBL6054685,3
CHEMBL6056553,3
CHEMBL60796,3
CHEMBL94664,3
CHEMBL271127,2
CHEMBL5944633,2
CHEMBL4749445,2
CHEMBL3954438,2
CHEMBL4777139,2
CHEMBL4754652,2
CHEMBL6009034,2
CHEMBL4754747,2
CHEMBL3927856,2
CHEMBL5787348,2
CHEMBL5985085,2
CHEMBL1223951,2
CHEMBL5810295,2
CHEMBL214731,2
CHEMBL4797729,2
CHEMBL6008411,2
CHEMBL4780699,2
CHEMBL5777517,2
CHEMBL5746935,2
CHEMBL5783757,2
CHEMBL5864206,2
CHEMBL5887380,2
CHEMBL5931292,2
CHEMBL4758424,2
CHEMBL6018540,2
CHEMBL4751971,2
CHEMBL5884532,2
CHEMBL4743256,2
CHEMBL3897632,2
CHEMBL4759597,2
CHEMBL4787725,2
CHEMBL53321,2
CHEMBL52794,2
CHEMBL216680,2
CHEMBL502835,2
CHEMBL532,2
CHEMBL572996,2
CHEMBL486278,2
CHEMBL299390,2
CHEMBL53866,2
CHEMBL300907,2
CHEMBL52348,2
CHEMBL214768,2
CHEMBL3983077,2
CHEMBL3936854,2
CHEMBL6051128,2
CHEMBL3093969,2
CHEMBL448,2
CHEMBL3975087,2
CHEMBL4782998,2
CHEMBL3966599,2
CHEMBL1118,2
CHEMBL270190,2
CHEMBL180672,2
CHEMBL362103,2
CHEMBL3093982,2
CHEMBL3622105,2
CHEMBL4061436,2
CHEMBL1760234,2
CHEMBL1945199,2
CHEMBL374731,2
CHEMBL477015,2
CHEMBL6175315,2
CHEMBL3422759,2
CHEMBL4475043,2
CHEMBL598270,2
CHEMBL584087,2
CHEMBL3093979,2
CHEMBL1346,2
CHEMBL412663,2
CHEMBL2403843,2
CHEMBL1927165,2
CHEMBL1111,2
CHEMBL3093976,2
CHEMBL1081687,2
CHEMBL4096145,2
CHEMBL2203713,2
CHEMBL9484,2
CHEMBL363295,2
CHEMBL511,2
CHEMBL2435415,2
CHEMBL2325205,2
CHEMBL1171837,2
CHEMBL4526283,2
CHEMBL3093959,2
CHEMBL5907444,2
CHEMBL2420702,2
CHEMBL184412,2
CHEMBL4546097,2
CHEMBL1170953,2
CHEMBL3604692,2
CHEMBL501480,2
CHEMBL3605120,2
CHEMBL2031958,2
CHEMBL1081867,2
CHEMBL2325199,2
CHEMBL567419,2
CHEMBL3775737,2
CHEMBL566324,2
CHEMBL4845961,2
CHEMBL583843,2
CHEMBL4106732,2
CHEMBL3604691,2
CHEMBL4288117,2
CHEMBL525413,2
CHEMBL1079462,2
CHEMBL1927161,2
CHEMBL3544911,2
CHEMBL2420704,2
CHEMBL172,2
CHEMBL1081746,2
CHEMBL2158563,2
CHEMBL3186509,2
CHEMBL3422757,2
CHEMBL4069631,2
CHEMBL2325200,2
CHEMBL299499,2
CHEMBL1916532,2
CHEMBL3609637,2
CHEMBL4874648,2
CHEMBL255511,2
CHEMBL182977,2
CHEMBL3425800,2
CHEMBL3604690,2
CHEMBL583621,2
CHEMBL4870418,2
CHEMBL3422760,2
CHEMBL3703085,2
CHEMBL1235773,2
CHEMBL243707,2
CHEMBL3775243,2
CHEMBL4247149,2
CHEMBL1079578,2
CHEMBL1081409,2
CHEMBL567620,2
CHEMBL707,2
CHEMBL4641839,2
CHEMBL4858888,2
CHEMBL2036782,2
CHEMBL3945735,2
CHEMBL4280886,2
CHEMBL3422758,2
CHEMBL583212,2
CHEMBL4857808,2
CHEMBL5191392,2
CHEMBL1223657,2
CHEMBL3754258,2
CHEMBL3753902,2
CHEMBL3612811,2
CHEMBL5395160,2
CHEMBL1951612,2
CHEMBL4082422,2
CHEMBL560739,2
CHEMBL4782430,2
CHEMBL1094521,2
CHEMBL3612923,2
CHEMBL3612925,2
CHEMBL1280,2
CHEMBL5271471,2
CHEMBL568294,2
CHEMBL2325212,2
CHEMBL5174392,2
CHEMBL3792423,2
CHEMBL4062339,2
CHEMBL1927167,2
CHEMBL559456,2
CHEMBL4648962,2
CHEMBL2441420,2
CHEMBL568296,2
CHEMBL87045,2
CHEMBL3425806,2
CHEMBL2069504,2
CHEMBL4064760,2
CHEMBL3775197,2
CHEMBL4242635,2
CHEMBL4241824,2
CHEMBL4250148,2
CHEMBL1258035,2
CHEMBL2207659,2
CHEMBL5089410,2
CHEMBL4063658,2
CHEMBL4877264,2
CHEMBL4644274,2
CHEMBL5590309,2
CHEMBL2441408,2
CHEMBL498042,2
CHEMBL3422755,2
CHEMBL5422051,2
CHEMBL3604799,2
CHEMBL4641672,2
CHEMBL1951914,2
CHEMBL1684950,2
CHEMBL2165068,2
CHEMBL2022739,2
CHEMBL2022729,2
CHEMBL566759,2
CHEMBL3696476,2
CHEMBL3900159,2
CHEMBL2424931,2
CHEMBL592374,2
CHEMBL3612927,2
CHEMBL3794155,2
CHEMBL498572,2
CHEMBL2424933,2
CHEMBL4518492,2
CHEMBL4645474,2
CHEMBL3774683,2
CHEMBL1189679,2
CHEMBL2207662,2
CHEMBL4249172,2
CHEMBL1079980,2
CHEMBL1081868,2
CHEMBL3774411,2
CHEMBL1080846,2
CHEMBL5412864,2
CHEMBL4084182,2
CHEMBL4293735,2
CHEMBL3612810,2
CHEMBL490,2
CHEMBL2207747,2
CHEMBL4215846,2
CHEMBL4092262,2
CHEMBL204459,2
CHEMBL513909,2
CHEMBL472168,2
CHEMBL4062753,2
CHEMBL4778540,2
CHEMBL387971,2
CHEMBL3785865,2
CHEMBL4846783,2
CHEMBL4855340,2
CHEMBL4086237,2
CHEMBL111,2
CHEMBL4635305,2
CHEMBL3692706,2
CHEMBL573216,2
CHEMBL567627,2
CHEMBL5409145,2
CHEMBL1097456,2
CHEMBL4636056,2
CHEMBL567202,2
CHEMBL5798072,2
CHEMBL83,2
CHEMBL3794292,2
CHEMBL52627,2
CHEMBL4095422,2
CHEMBL491571,2
CHEMBL1080126,2
CHEMBL1081934,2
CHEMBL5190339,2
CHEMBL1169572,2
CHEMBL5169763,2
CHEMBL3742114,2
CHEMBL3422762,2
CHEMBL3957193,2
CHEMBL579072,2
CHEMBL4756869,2
CHEMBL4068414,2
CHEMBL1952142,2
CHEMBL3604801,2
CHEMBL5934097,2
CHEMBL6057937,2
CHEMBL5992805,2
CHEMBL1760059,2
CHEMBL4084106,2
CHEMBL4216500,2
CHEMBL5438135,2
CHEMBL5817627,2
CHEMBL471994,2
CHEMBL2146755,2
CHEMBL4096468,2
CHEMBL5928632,2
CHEMBL4066256,2
CHEMBL4588384,2
CHEMBL5778932,2
CHEMBL2069397,2
CHEMBL2069398,2
CHEMBL4093031,2
CHEMBL4442663,2
CHEMBL5893791,2
CHEMBL4093284,2
CHEMBL3093972,2
CHEMBL488817,2
CHEMBL5896826,2
CHEMBL2424928,2
CHEMBL5927039,2
CHEMBL566543,2
CHEMBL5413224,2
CHEMBL5769402,2
CHEMBL256154,2
CHEMBL4853672,2
CHEMBL1771097,2
CHEMBL5877282,2
CHEMBL3922156,2
CHEMBL2207666,2
CHEMBL4239085,2
CHEMBL3774649,2
CHEMBL3774783,2
CHEMBL3775589,2
CHEMBL3978935,2
CHEMBL6048972,2
CHEMBL2111101,2
CHEMBL4463663,2
CHEMBL5178777,2
CHEMBL4638897,2
CHEMBL4559965,2
CHEMBL3612814,2
CHEMBL3422983,2
CHEMBL1927162,2
CHEMBL3582336,2
CHEMBL568523,2
CHEMBL531475,2
CHEMBL2324256,2
CHEMBL4789376,2
CHEMBL567417,2
CHEMBL3735506,2
CHEMBL2046888,2
CHEMBL4075906,2
CHEMBL1404,2
CHEMBL4207042,2
CHEMBL4470253,2
CHEMBL4297454,2
CHEMBL3221520,2
CHEMBL2046892,2
CHEMBL2206790,2
CHEMBL3290336,2
CHEMBL5198665,2
CHEMBL3814374,2
CHEMBL4637576,2
CHEMBL487063,2
CHEMBL2046891,2
CHEMBL4082282,2
CHEMBL4537828,2
CHEMBL3937515,2
CHEMBL1782376,2
CHEMBL4069245,2
CHEMBL2046889,2
CHEMBL5396132,2
CHEMBL3929578,2
CHEMBL4084845,2
CHEMBL1824043,2
CHEMBL4751724,2
CHEMBL4848514,2
CHEMBL2216904,2
CHEMBL1813065,2
CHEMBL3707392,2
CHEMBL3221523,2
CHEMBL5414274,2
CHEMBL511142,2
CHEMBL2046893,2
CHEMBL4081080,2
CHEMBL3946901,2
CHEMBL6043476,2
CHEMBL2046895,2
CHEMBL4103004,2
CHEMBL4517408,2
CHEMBL4851581,2
CHEMBL4633136,2
CHEMBL4540218,2
CHEMBL1951415,2
CHEMBL3938107,2
CHEMBL4641082,2
CHEMBL4633141,2
CHEMBL5088392,2
CHEMBL559251,2
CHEMBL2046890,2
CHEMBL3921885,2
CHEMBL1957002,2
CHEMBL4554053,2
CHEMBL4635680,2
CHEMBL243001,2
CHEMBL12780,2
CHEMBL300927,2
CHEMBL1956988,2
CHEMBL2046894,2
CHEMBL443476,2
CHEMBL4798032,2
CHEMBL4473519,2
CHEMBL53871,2
CHEMBL1956999,2
CHEMBL1956991,2
CHEMBL1956998,2
CHEMBL439849,2
CHEMBL4517296,2
CHEMBL52999,2
CHEMBL1956995,2
CHEMBL284348,2
CHEMBL716,2
CHEMBL1824044,2
CHEMBL53661,2
CHEMBL1957004,2
CHEMBL4641148,2
CHEMBL4565200,2
CHEMBL52832,2
CHEMBL415944,2
CHEMBL55835,2
CHEMBL4638321,2
CHEMBL298978,2
CHEMBL43,2
CHEMBL4640061,2
CHEMBL301956,2
CHEMBL1956989,2
CHEMBL60889,2
CHEMBL3814424,2
CHEMBL556312,2
CHEMBL3091687,2
CHEMBL4636306,2
CHEMBL488468,2
CHEMBL1095819,2
CHEMBL4099387,2
CHEMBL4465428,2
CHEMBL3323084,2
CHEMBL273235,2
CHEMBL1957012,2
CHEMBL1957001,2
CHEMBL1688,2
CHEMBL1080787,2
CHEMBL1082723,2
CHEMBL1088949,2
CHEMBL1089078,2
CHEMBL1091605,2
CHEMBL1091834,2
CHEMBL1091836,2
CHEMBL1092105,2
CHEMBL1092106,2
CHEMBL1092108,2
CHEMBL1092109,2
CHEMBL1093113,2
CHEMBL1093696,2
CHEMBL1094028,2
CHEMBL1094029,2
CHEMBL1094030,2
CHEMBL1214598,2
CHEMBL12186,2
CHEMBL1230468,2
CHEMBL1236904,2
CHEMBL1614712,2
CHEMBL163238,2
CHEMBL1642258,2
CHEMBL1683351,2
CHEMBL16900,2
CHEMBL1824041,2
CHEMBL1916542,2
CHEMBL1927163,2
CHEMBL1950351,2
CHEMBL1957287,2
CHEMBL2022496,2
CHEMBL2022497,2
CHEMBL2022499,2
CHEMBL2022733,2
CHEMBL2041193,2
CHEMBL2041933,2
CHEMBL2058833,2
CHEMBL2069502,2
CHEMBL2078876,2
CHEMBL209821,2
CHEMBL210537,2
CHEMBL214323,2
CHEMBL214629,2
CHEMBL2146757,2
CHEMBL2146851,2
CHEMBL2146870,2
CHEMBL2146871,2
CHEMBL2146872,2
CHEMBL2146873,2
CHEMBL2146876,2
CHEMBL2151164,2
CHEMBL2165064,2
CHEMBL218974,2
CHEMBL2207500,2
CHEMBL2207501,2
CHEMBL2207658,2
CHEMBL2207663,2
CHEMBL2325697,2
CHEMBL237119,2
CHEMBL237336,2
CHEMBL2382287,2
CHEMBL2382343,2
CHEMBL2382345,2
CHEMBL2407174,2
CHEMBL2426288,2
CHEMBL2426677,2
CHEMBL250125,2
CHEMBL250689,2
CHEMBL257023,2
CHEMBL272150,2
CHEMBL3120274,2
CHEMBL3128178,2
CHEMBL3217922,2
CHEMBL3217923,2
CHEMBL3217925,2
CHEMBL3218816,2
CHEMBL3221493,2
CHEMBL3221496,2
CHEMBL3221502,2
CHEMBL3260567,2
CHEMBL3262624,2
CHEMBL3262896,2
CHEMBL3289440,2
CHEMBL3301607,2
CHEMBL3318989,2
CHEMBL3353406,2
CHEMBL3353407,2
CHEMBL3353408,2
CHEMBL3353409,2
CHEMBL3355639,2
CHEMBL3415610,2
CHEMBL3422009,2
CHEMBL3422010,2
CHEMBL3593771,2
CHEMBL3604734,2
CHEMBL3608684,2
CHEMBL3650825,2
CHEMBL3650827,2
CHEMBL3650830,2
CHEMBL3650831,2
CHEMBL3650834,2
CHEMBL3650838,2
CHEMBL3650845,2
CHEMBL3650848,2
CHEMBL3650850,2
CHEMBL3650851,2
CHEMBL3663684,2
CHEMBL3664031,2
CHEMBL3675746,2
CHEMBL3703220,2
CHEMBL3703237,2
CHEMBL3703255,2
CHEMBL3703258,2
CHEMBL3703259,2
CHEMBL3703260,2
CHEMBL3703261,2
CHEMBL3703262,2
CHEMBL3703263,2
CHEMBL3703264,2
CHEMBL3703265,2
CHEMBL3703266,2
CHEMBL3703268,2
CHEMBL3703271,2
CHEMBL3703285,2
CHEMBL3703289,2
CHEMBL3703295,2
CHEMBL3703298,2
CHEMBL3703299,2
CHEMBL3703300,2
CHEMBL3703301,2
CHEMBL3703304,2
CHEMBL3754515,2
CHEMBL377566,2
CHEMBL3793380,2
CHEMBL3827961,2
CHEMBL3828585,2
CHEMBL384400,2
CHEMBL3933749,2
CHEMBL393718,2
CHEMBL3967984,2
CHEMBL3973534,2
CHEMBL3983509,2
CHEMBL401895,2
CHEMBL4066553,2
CHEMBL4069395,2
CHEMBL4076061,2
CHEMBL4098822,2
CHEMBL4099807,2
CHEMBL4100435,2
CHEMBL4102566,2
CHEMBL4107016,2
CHEMBL4107668,2
CHEMBL4107759,2
CHEMBL4107878,2
CHEMBL4110584,2
CHEMBL4110737,2
CHEMBL4112613,2
CHEMBL4114218,2
CHEMBL4114258,2
CHEMBL4174323,2
CHEMBL4280558,2
CHEMBL4283367,2
CHEMBL4288439,2
CHEMBL4290141,2
CHEMBL4290774,2
CHEMBL4297310,2
CHEMBL4439006,2
CHEMBL4483673,2
CHEMBL4529465,2
CHEMBL453654,2
CHEMBL453893,2
CHEMBL453894,2
CHEMBL4541206,2
CHEMBL454642,2
CHEMBL454879,2
CHEMBL455681,2
CHEMBL4594376,2
CHEMBL4632807,2
CHEMBL4634867,2
CHEMBL4635900,2
CHEMBL468397,2
CHEMBL4741793,2
CHEMBL4755698,2
CHEMBL476106,2
CHEMBL4762625,2
CHEMBL476322,2
CHEMBL476723,2
CHEMBL476954,2
CHEMBL477363,2
CHEMBL477364,2
CHEMBL478615,2
CHEMBL478616,2
CHEMBL479036,2
CHEMBL479241,2
CHEMBL479242,2
CHEMBL479252,2
CHEMBL4796370,2
CHEMBL487059,2
CHEMBL487060,2
CHEMBL487064,2
CHEMBL487230,2
CHEMBL4873479,2
CHEMBL4875851,2
CHEMBL488248,2
CHEMBL488249,2
CHEMBL488251,2
CHEMBL488294,2
CHEMBL488295,2
CHEMBL494462,2
CHEMBL497999,2
CHEMBL498260,2
CHEMBL5083403,2
CHEMBL5085562,2
CHEMBL508712,2
CHEMBL512351,2
CHEMBL515004,2
CHEMBL518431,2
CHEMBL519067,2
CHEMBL5197101,2
CHEMBL521851,2
CHEMBL5273140,2
CHEMBL5282336,2
CHEMBL5400665,2
CHEMBL541435,2
CHEMBL5430344,2
CHEMBL549433,2
CHEMBL549438,2
CHEMBL549639,2
CHEMBL550050,2
CHEMBL550393,2
CHEMBL550517,2
CHEMBL551927,2
CHEMBL554693,2
CHEMBL554738,2
CHEMBL555744,2
CHEMBL556100,2
CHEMBL556496,2
CHEMBL556506,2
CHEMBL557110,2
CHEMBL557718,2
CHEMBL557853,2
CHEMBL558058,2
CHEMBL55826,2
CHEMBL559873,2
CHEMBL560270,2
CHEMBL560386,2
CHEMBL560863,2
CHEMBL560923,2
CHEMBL561128,2
CHEMBL561324,2
CHEMBL561326,2
CHEMBL562464,2
CHEMBL562722,2
CHEMBL562833,2
CHEMBL562836,2
CHEMBL562870,2
CHEMBL562948,2
CHEMBL563274,2
CHEMBL563435,2
CHEMBL563563,2
CHEMBL563580,2
CHEMBL563635,2
CHEMBL563779,2
CHEMBL563860,2
CHEMBL563926,2
CHEMBL564514,2
CHEMBL564930,2
CHEMBL564948,2
CHEMBL565007,2
CHEMBL565075,2
CHEMBL570033,2
CHEMBL571389,2
CHEMBL5742311,2
CHEMBL5745081,2
CHEMBL5746192,2
CHEMBL5749720,2
CHEMBL5753096,2
CHEMBL5755454,2
CHEMBL5757923,2
CHEMBL5763605,2
CHEMBL5764399,2
CHEMBL5765415,2
CHEMBL5765871,2
CHEMBL5769554,2
CHEMBL5770484,2
CHEMBL5771198,2
CHEMBL5771854,2
CHEMBL5778585,2
CHEMBL5778781,2
CHEMBL5783150,2
CHEMBL5784006,2
CHEMBL5786654,2
CHEMBL5790288,2
CHEMBL5792092,2
CHEMBL5794270,2
CHEMBL5795063,2
CHEMBL5798112,2
CHEMBL5804405,2
CHEMBL5804885,2
CHEMBL5808148,2
CHEMBL5808304,2
CHEMBL5808945,2
CHEMBL5818494,2
CHEMBL5823395,2
CHEMBL5825577,2
CHEMBL5829328,2
CHEMBL5834447,2
CHEMBL5838864,2
CHEMBL5839468,2
CHEMBL5840390,2
CHEMBL5853493,2
CHEMBL5857118,2
CHEMBL5858906,2
CHEMBL5863797,2
CHEMBL5871384,2
CHEMBL5875561,2
CHEMBL5877886,2
CHEMBL5878770,2
CHEMBL5888883,2
CHEMBL5892891,2
CHEMBL5893534,2
CHEMBL5893563,2
CHEMBL5893587,2
CHEMBL5893677,2
CHEMBL5898921,2
CHEMBL5904342,2
CHEMBL5905884,2
CHEMBL590791,2
CHEMBL5908489,2
CHEMBL5909140,2
CHEMBL5909487,2
CHEMBL5912187,2
CHEMBL5922918,2
CHEMBL5925044,2
CHEMBL5934000,2
CHEMBL5939964,2
CHEMBL5941301,2
CHEMBL5951589,2
CHEMBL5956282,2
CHEMBL5960420,2
CHEMBL5961333,2
CHEMBL5961464,2
CHEMBL5962619,2
CHEMBL5964323,2
CHEMBL5965398,2
CHEMBL5965720,2
CHEMBL5968571,2
CHEMBL5969195,2
CHEMBL5969819,2
CHEMBL5969915,2
CHEMBL5971419,2
CHEMBL5971806,2
CHEMBL597241,2
CHEMBL5974311,2
CHEMBL5974489,2
CHEMBL5974828,2
CHEMBL5976049,2
CHEMBL5978181,2
CHEMBL5978414,2
CHEMBL598194,2
CHEMBL5983773,2
CHEMBL5986147,2
CHEMBL5987086,2
CHEMBL5989582,2
CHEMBL5990369,2
CHEMBL5991109,2
CHEMBL6000305,2
CHEMBL6000376,2
CHEMBL6004953,2
CHEMBL6006629,2
CHEMBL6008481,2
CHEMBL6009948,2
CHEMBL6010490,2
CHEMBL6014639,2
CHEMBL6021933,2
CHEMBL6024609,2
CHEMBL6026134,2
CHEMBL6027892,2
CHEMBL6028836,2
CHEMBL603052,2
CHEMBL6033368,2
CHEMBL6034751,2
CHEMBL6035199,2
CHEMBL6040464,2
CHEMBL6044807,2
CHEMBL6051432,2
CHEMBL6052379,2
CHEMBL6059656,2
CHEMBL606029,2
CHEMBL6063759,2
CHEMBL6064033,2
CHEMBL6064693,2
CHEMBL640,2
CHEMBL79,2
CHEMBL92870,2
CHEMBL9387,2
